timestamp_s,x,y,z,qx,qy,qz,qw
1773244211.039272,0.000028,-0.000036,0.139794,-0.000134,0.000009,0.000012,1.000000
1773244211.072586,0.000028,-0.000036,0.139794,-0.000134,0.000009,0.000012,1.000000
1773244211.106799,0.000064,-0.000020,0.139661,0.000288,0.000015,-0.000017,1.000000
1773244211.139163,0.000049,0.000010,0.139677,-0.000143,0.000011,0.000013,1.000000
1773244211.173985,0.000065,-0.000052,0.139753,0.000015,0.000036,0.000010,1.000000
1773244211.207178,0.000130,-0.000023,0.139708,0.000665,0.000083,-0.000025,1.000000
1773244211.239186,0.000020,0.000009,0.139840,-0.000015,0.000095,0.000026,1.000000
1773244211.272553,0.000000,-0.000004,0.139482,0.000214,0.000091,0.000009,1.000000
1773244211.306996,0.000039,0.000035,0.139568,0.000490,0.000079,-0.000016,1.000000
1773244211.339163,0.000097,-0.000059,0.139670,-0.000044,0.000042,0.000016,1.000000
1773244211.374171,0.000114,-0.000041,0.139549,0.000098,0.000069,0.000010,1.000000
1773244211.406891,0.000082,0.000005,0.139722,0.001339,0.000143,-0.000064,0.999999
1773244211.439218,0.000013,-0.000028,0.139661,0.000954,0.000129,-0.000037,1.000000
1773244211.472579,-0.000087,0.000051,0.139763,0.000765,0.000148,-0.000022,1.000000
1773244211.518198,0.000029,0.000056,0.139822,0.000228,0.000090,0.000003,1.000000
1773244211.542038,0.000029,0.000056,0.139822,0.000228,0.000090,0.000003,1.000000
1773244211.573317,0.000095,-0.000100,0.139575,-0.000259,0.000059,0.000029,1.000000
1773244211.607643,-0.000042,0.000007,0.139804,-0.000139,0.000102,0.000030,1.000000
1773244211.639226,-0.000042,0.000007,0.139804,-0.000139,0.000102,0.000030,1.000000
1773244211.674377,-0.000093,0.000025,0.139830,-0.000647,0.000029,0.000053,1.000000
1773244211.707351,0.000022,-0.000004,0.139578,-0.000992,0.000012,0.000073,1.000000
1773244211.739167,0.000021,-0.000069,0.139860,-0.001099,-0.000009,0.000073,0.999999
1773244211.772467,0.000154,-0.000045,0.139729,-0.000463,0.000043,0.000043,1.000000
1773244211.808030,0.000099,-0.000024,0.139646,-0.000266,0.000040,0.000025,1.000000
1773244211.839189,0.000026,-0.000033,0.139474,-0.000429,0.000058,0.000042,1.000000
1773244211.872483,0.000009,-0.000032,0.139784,-0.000829,0.000013,0.000061,1.000000
1773244211.912162,0.000005,-0.000033,0.139796,-0.001126,0.000001,0.000078,0.999999
1773244211.939201,0.000045,-0.000057,0.139804,-0.000743,0.000029,0.000056,1.000000
1773244211.972495,0.000050,-0.000037,0.139646,-0.001092,0.000007,0.000076,0.999999
1773244212.007119,0.000058,-0.000018,0.139669,-0.001027,0.000033,0.000079,0.999999
1773244212.039244,-0.000009,-0.000032,0.139756,-0.001463,0.000010,0.000105,0.999999
1773244212.072960,0.000057,-0.000030,0.139838,-0.001074,0.000040,0.000082,0.999999
1773244212.107484,0.000022,-0.000047,0.139637,-0.001300,0.000025,0.000096,0.999999
1773244212.139193,0.000046,-0.000031,0.139639,-0.001619,0.000009,0.000113,0.999999
1773244212.172766,0.000067,-0.000086,0.139687,-0.001883,0.000004,0.000131,0.999998
1773244212.207886,0.000075,-0.000085,0.139896,-0.001859,0.000017,0.000131,0.999998
1773244212.239187,0.000075,-0.000085,0.139896,-0.001859,0.000017,0.000131,0.999998
1773244212.272542,0.000078,-0.000054,0.139392,-0.001369,-0.000008,0.000090,0.999999
1773244212.307267,0.000078,-0.000054,0.139392,-0.001369,-0.000008,0.000090,0.999999
1773244212.339215,0.000121,-0.000056,0.139818,-0.001837,-0.000024,0.000124,0.999998
1773244212.375272,0.000008,-0.000054,0.139779,-0.001695,-0.000022,0.000111,0.999999
1773244212.407002,0.000047,0.000010,0.139710,-0.002216,-0.000026,0.000148,0.999998
1773244212.439665,0.000047,0.000010,0.139710,-0.002216,-0.000026,0.000148,0.999998
1773244212.473513,0.000055,-0.000026,0.139451,-0.002633,-0.000003,0.000181,0.999997
1773244212.506816,0.000055,-0.000026,0.139451,-0.002633,-0.000003,0.000181,0.999997
1773244212.539350,0.000008,-0.000074,0.139370,-0.002568,0.000012,0.000181,0.999997
1773244212.572613,0.000008,-0.000074,0.139370,-0.002568,0.000012,0.000181,0.999997
1773244212.606646,0.000073,-0.000051,0.139690,-0.002985,0.000006,0.000205,0.999996
1773244212.639901,0.000073,-0.000051,0.139690,-0.002985,0.000006,0.000205,0.999996
1773244212.672520,0.000023,-0.000065,0.139684,-0.003010,0.000036,0.000213,0.999995
1773244212.713826,-0.000036,-0.000084,0.139863,-0.003878,-0.000019,0.000262,0.999992
1773244212.739140,0.000047,-0.000049,0.139661,-0.004056,-0.000010,0.000277,0.999992
1773244212.772878,0.000066,-0.000105,0.139700,-0.004400,-0.000027,0.000299,0.999990
1773244212.807466,0.000019,-0.000118,0.139611,-0.004748,-0.000020,0.000326,0.999989
1773244212.839630,0.000074,-0.000112,0.139660,-0.004796,0.000006,0.000338,0.999988
1773244212.873040,0.000009,-0.000089,0.139693,-0.004650,0.000002,0.000328,0.999989
1773244212.907282,0.000009,-0.000089,0.139693,-0.004650,0.000002,0.000328,0.999989
1773244212.939201,0.000026,-0.000086,0.139734,-0.004615,0.000014,0.000329,0.999989
1773244212.972485,0.000013,-0.000057,0.139676,-0.004972,-0.000006,0.000349,0.999988
1773244213.007372,0.000011,-0.000096,0.139424,-0.004878,0.000006,0.000348,0.999988
1773244213.039141,0.000068,-0.000075,0.139612,-0.004866,-0.000016,0.000341,0.999988
1773244213.072452,0.000007,-0.000091,0.139813,-0.005449,-0.000043,0.000376,0.999985
1773244213.107898,0.000064,-0.000114,0.139669,-0.007129,-0.000070,0.000493,0.999974
1773244213.139530,-0.000005,-0.000109,0.139628,-0.007690,-0.000062,0.000539,0.999970
1773244213.172477,-0.000005,-0.000109,0.139628,-0.007690,-0.000062,0.000539,0.999970
1773244213.207764,-0.000043,-0.000124,0.139685,-0.007688,-0.000045,0.000541,0.999970
1773244213.239372,0.000082,-0.000139,0.139681,-0.007832,-0.000050,0.000548,0.999969
1773244213.272339,0.000095,-0.000135,0.139650,-0.007130,-0.000031,0.000503,0.999974
1773244213.307225,0.000020,-0.000054,0.139783,-0.007069,-0.000027,0.000499,0.999975
1773244213.339765,0.000020,-0.000131,0.139707,-0.006513,-0.000011,0.000464,0.999979
1773244213.372682,0.000020,-0.000131,0.139707,-0.006513,-0.000011,0.000464,0.999979
1773244213.408420,-0.000062,-0.000086,0.139673,-0.006968,-0.000011,0.000493,0.999976
1773244213.439623,0.000044,-0.000107,0.139398,-0.006671,-0.000026,0.000470,0.999978
1773244213.472489,0.000009,-0.000107,0.139693,-0.006288,0.000046,0.000458,0.999980
1773244213.507208,-0.000060,-0.000052,0.139611,-0.006478,0.000037,0.000469,0.999979
1773244213.539333,0.000027,-0.000081,0.139739,-0.006218,0.000027,0.000448,0.999981
1773244213.572518,0.000039,-0.000140,0.139680,-0.005553,0.000048,0.000407,0.999984
1773244213.607213,0.000056,-0.000064,0.139725,-0.005355,0.000046,0.000391,0.999986
1773244213.639140,-0.000093,-0.000056,0.139794,-0.005248,0.000047,0.000384,0.999986
1773244213.672469,0.000025,-0.000070,0.139602,-0.004977,0.000020,0.000356,0.999988
1773244213.707268,0.000080,-0.000042,0.139742,-0.004359,0.000025,0.000314,0.999990
1773244213.739906,0.000022,-0.000119,0.139662,-0.004313,0.000029,0.000311,0.999991
1773244213.773420,0.000064,-0.000034,0.139709,-0.003410,0.000050,0.000252,0.999994
1773244213.807220,0.000064,-0.000034,0.139709,-0.003410,0.000050,0.000252,0.999994
1773244213.839607,-0.000050,-0.000061,0.139692,-0.003227,0.000031,0.000236,0.999995
1773244213.872538,-0.000050,-0.000061,0.139692,-0.003227,0.000031,0.000236,0.999995
1773244213.906706,0.000009,-0.000074,0.139615,-0.003195,0.000011,0.000229,0.999995
1773244213.939142,0.000009,-0.000074,0.139615,-0.003195,0.000011,0.000229,0.999995
1773244213.972456,0.000067,-0.000056,0.139726,-0.003048,-0.000000,0.000214,0.999995
1773244214.006278,0.000051,-0.000058,0.139688,-0.002609,0.000016,0.000188,0.999997
1773244214.039133,0.000051,-0.000058,0.139688,-0.002609,0.000016,0.000188,0.999997
1773244214.072501,0.000027,-0.000036,0.139660,-0.002646,-0.000004,0.000182,0.999996
1773244214.110664,-0.000003,-0.000066,0.139679,-0.003237,-0.000015,0.000221,0.999995
1773244214.139165,-0.000012,-0.000033,0.139581,-0.002909,-0.000023,0.000195,0.999996
1773244214.172971,0.000002,-0.000070,0.139703,-0.003437,-0.000020,0.000233,0.999994
1773244214.207022,0.000002,-0.000070,0.139703,-0.003437,-0.000020,0.000233,0.999994
1773244214.239156,-0.000053,-0.000033,0.139740,-0.002994,0.000006,0.000208,0.999995
1773244214.273102,-0.000045,-0.000055,0.139691,-0.002821,-0.000001,0.000193,0.999996
1773244214.308552,-0.000045,-0.000055,0.139691,-0.002821,-0.000001,0.000193,0.999996
1773244214.339330,-0.000013,-0.000095,0.139750,-0.002650,-0.000005,0.000183,0.999996
1773244214.372437,0.000003,-0.000070,0.139613,-0.003028,-0.000002,0.000213,0.999995
1773244214.406476,0.000090,-0.000043,0.139674,-0.003018,-0.000039,0.000204,0.999995
1773244214.439548,0.000090,-0.000043,0.139674,-0.003018,-0.000039,0.000204,0.999995
1773244214.472501,0.000086,-0.000069,0.139669,-0.002718,-0.000033,0.000185,0.999996
1773244214.507005,0.000114,-0.000065,0.139827,-0.002624,-0.000064,0.000171,0.999997
1773244214.539173,0.000114,-0.000065,0.139827,-0.002624,-0.000064,0.000171,0.999997
1773244214.572500,0.000026,0.000005,0.139478,-0.002715,-0.000072,0.000175,0.999996
1773244214.607776,0.000108,-0.000002,0.139648,-0.002291,-0.000084,0.000145,0.999997
1773244214.645200,0.000108,-0.000002,0.139648,-0.002291,-0.000084,0.000145,0.999997
1773244214.672642,0.000083,-0.000058,0.139631,-0.001994,-0.000081,0.000126,0.999998
1773244214.710025,0.000009,0.000025,0.139759,-0.002324,-0.000073,0.000152,0.999997
1773244214.739250,-0.000028,0.000009,0.139778,-0.001802,-0.000045,0.000118,0.999998
1773244214.774204,-0.000028,0.000009,0.139778,-0.001802,-0.000045,0.000118,0.999998
1773244214.807279,-0.000028,0.000009,0.139778,-0.001802,-0.000045,0.000118,0.999998
1773244214.839201,0.000072,0.000021,0.139819,-0.002550,-0.000099,0.000159,0.999997
1773244214.872456,0.000144,-0.000069,0.139725,-0.002373,-0.000124,0.000143,0.999997
1773244214.906972,-0.000037,-0.000043,0.139761,-0.002237,-0.000112,0.000140,0.999997
1773244214.940407,0.000015,0.000006,0.139757,-0.002673,-0.000087,0.000175,0.999996
1773244214.972507,0.000015,0.000006,0.139757,-0.002673,-0.000087,0.000175,0.999996
1773244215.007015,0.000145,0.000059,0.139497,-0.002735,-0.000085,0.000174,0.999996
1773244215.038992,0.000044,-0.000187,0.139589,-0.002558,-0.000062,0.000171,0.999997
1773244215.072465,0.000044,-0.000187,0.139589,-0.002558,-0.000062,0.000171,0.999997
1773244215.107447,0.000110,-0.000069,0.139629,-0.002172,-0.000084,0.000136,0.999998
1773244215.139190,0.000042,-0.000041,0.139696,-0.001071,-0.000105,0.000054,0.999999
1773244215.172434,-0.000017,-0.000043,0.139762,-0.001865,-0.000075,0.000119,0.999998
1773244215.207087,-0.000017,-0.000043,0.139762,-0.001865,-0.000075,0.000119,0.999998
1773244215.239143,0.000062,-0.000091,0.139669,-0.000521,-0.000014,0.000039,1.000000
1773244215.272991,0.000031,-0.000049,0.139706,0.000048,-0.000051,-0.000015,1.000000
1773244215.307081,0.000031,-0.000049,0.139706,0.000048,-0.000051,-0.000015,1.000000
1773244215.339151,-0.000008,-0.000088,0.139751,0.000293,-0.000082,-0.000043,1.000000
1773244215.372517,-0.000014,0.000115,0.139697,-0.000606,-0.000089,0.000012,1.000000
1773244215.411346,0.000036,-0.000148,0.139646,0.000102,-0.000054,-0.000031,1.000000
1773244215.439364,0.000049,-0.000046,0.139574,-0.000151,-0.000080,-0.000020,1.000000
1773244215.475027,0.000028,0.000014,0.139627,-0.000486,-0.000120,-0.000006,1.000000
1773244215.508249,0.000042,-0.000077,0.139716,-0.001759,-0.000118,0.000082,0.999998
1773244215.539181,0.000042,-0.000077,0.139716,-0.001759,-0.000118,0.000082,0.999998
1773244215.572410,0.000054,0.000013,0.139656,-0.002052,-0.000166,0.000094,0.999998
1773244215.607208,0.000056,-0.000135,0.139775,-0.001436,-0.000155,0.000054,0.999999
1773244215.639915,0.000041,-0.000023,0.139762,-0.002124,-0.000166,0.000100,0.999998
1773244215.672517,0.000077,-0.000071,0.139636,-0.001822,-0.000167,0.000079,0.999998
1773244215.707137,0.000077,-0.000071,0.139636,-0.001822,-0.000167,0.000079,0.999998
1773244215.739136,0.000032,-0.000036,0.139664,-0.001520,-0.000151,0.000062,0.999999
1773244215.772467,0.000069,-0.000062,0.139662,-0.001184,-0.000152,0.000033,0.999999
1773244215.806898,0.000037,0.000038,0.139716,-0.000815,-0.000120,0.000013,1.000000
1773244215.839122,0.000037,0.000038,0.139716,-0.000815,-0.000120,0.000013,1.000000
1773244215.872535,0.000070,-0.000080,0.139750,-0.000611,-0.000161,-0.000009,1.000000
1773244215.906285,0.000022,-0.000129,0.139585,0.000141,-0.000157,-0.000063,1.000000
1773244215.939198,-0.000027,0.000134,0.139762,-0.000351,-0.000135,-0.000028,1.000000
1773244215.972501,-0.000027,0.000134,0.139762,-0.000351,-0.000135,-0.000028,1.000000
1773244216.007134,0.000091,-0.000123,0.139527,-0.002315,-0.000151,0.000109,0.999997
1773244216.039181,0.000091,-0.000123,0.139527,-0.002315,-0.000151,0.000109,0.999997
1773244216.072504,0.000236,-0.000133,0.139425,-0.002053,-0.000186,0.000083,0.999998
1773244216.107109,0.000045,-0.000180,0.139680,-0.002802,-0.000231,0.000126,0.999996
1773244216.139172,0.000045,-0.000180,0.139680,-0.002802,-0.000231,0.000126,0.999996
1773244216.172727,0.000092,0.000075,0.139789,-0.002059,-0.000447,0.000024,0.999998
1773244216.207298,0.000069,-0.000285,0.139756,-0.001704,-0.000670,-0.000052,0.999998
1773244216.239719,0.000225,-0.000025,0.139618,-0.002076,-0.000740,-0.000072,0.999998
1773244216.272665,0.000401,0.000007,0.139435,-0.001519,-0.000989,-0.000175,0.999998
1773244216.307539,0.001040,0.000140,0.139611,-0.003556,-0.000935,-0.000034,0.999993
1773244216.339592,0.001416,0.000066,0.139341,-0.007089,-0.000668,0.000219,0.999975
1773244216.372629,0.002060,-0.000137,0.139358,-0.011521,-0.000514,0.000447,0.999933
1773244216.406736,0.002966,-0.000506,0.139101,-0.015625,-0.000319,0.000617,0.999878
1773244216.438969,0.003327,-0.000951,0.139007,-0.018383,-0.000281,0.000686,0.999831
1773244216.472733,0.004211,-0.001624,0.138829,-0.019993,-0.000193,0.000789,0.999800
1773244216.507956,0.004211,-0.001624,0.138829,-0.019993,-0.000193,0.000789,0.999800
1773244216.538879,0.005594,-0.002992,0.138702,-0.029175,-0.000442,0.001602,0.999573
1773244216.572887,0.006327,-0.003095,0.138955,-0.052183,-0.000783,0.003297,0.998632
1773244216.606930,0.007538,-0.002574,0.141156,-0.100111,0.001329,0.007311,0.994949
1773244216.639229,0.009002,-0.000765,0.143499,-0.184366,0.003934,0.013884,0.982752
1773244216.672588,0.009002,-0.000765,0.143499,-0.184366,0.003934,0.013884,0.982752
1773244216.707401,0.010601,0.001630,0.145944,-0.271808,0.004538,0.020074,0.962131
1773244216.739150,0.012174,0.004707,0.148945,-0.364673,0.003062,0.026052,0.930766
1773244216.772587,0.014746,0.010476,0.155336,-0.472555,0.001003,0.032554,0.880699
1773244216.806718,0.015546,0.011929,0.158017,-0.491616,0.000223,0.033502,0.870167
1773244216.839493,0.017988,0.015365,0.165744,-0.477814,-0.000649,0.031599,0.877893
1773244216.872507,0.019349,0.016161,0.170580,-0.437618,0.002107,0.029054,0.898689
1773244216.906613,0.021662,0.016892,0.177422,-0.385158,0.006829,0.026094,0.922456
1773244216.938922,0.023849,0.017278,0.185082,-0.314791,0.013243,0.022303,0.948807
1773244216.976348,0.023849,0.017278,0.185082,-0.314791,0.013243,0.022303,0.948807
1773244217.006724,0.028297,0.017405,0.201248,-0.235989,0.020575,0.017947,0.971372
1773244217.038974,0.030791,0.016963,0.211573,-0.212105,0.024103,0.017008,0.976802
1773244217.072419,0.032994,0.016612,0.220900,-0.187016,0.026473,0.015735,0.981874
1773244217.107233,0.032994,0.016612,0.220900,-0.187016,0.026473,0.015735,0.981874
1773244217.139178,0.036101,0.015712,0.232831,-0.179494,0.026981,0.015221,0.983271
1773244217.172483,0.041695,0.014950,0.255740,-0.129072,0.025258,0.010804,0.991255
1773244217.214048,0.043687,0.014966,0.262866,-0.112015,0.024968,0.009415,0.993348
1773244217.239413,0.048748,0.015895,0.282703,-0.102776,0.025583,0.008866,0.994336
1773244217.272502,0.048748,0.015895,0.282703,-0.102776,0.025583,0.008866,0.994336
1773244217.307163,0.051767,0.017665,0.294126,-0.129831,0.025311,0.010758,0.991155
1773244217.339325,0.053837,0.020608,0.304799,-0.162682,0.024228,0.012839,0.986298
1773244217.374878,0.056294,0.025091,0.318217,-0.261587,0.018914,0.018520,0.964817
1773244217.412029,0.057308,0.029878,0.328067,-0.363193,0.011781,0.023842,0.931334
1773244217.441394,0.058377,0.035560,0.339216,-0.417488,0.004621,0.025420,0.908315
1773244217.472504,0.059002,0.038027,0.344145,-0.424832,0.002680,0.025195,0.904917
1773244217.506378,0.063505,0.050261,0.372469,-0.277674,0.001294,0.011792,0.960602
1773244217.538925,0.066745,0.054916,0.386289,-0.161539,0.004351,0.002953,0.986852
1773244217.572366,0.066745,0.054916,0.386289,-0.161539,0.004351,0.002953,0.986852
1773244217.607024,0.079103,0.065380,0.415695,-0.173497,-0.018981,0.018279,-0.984482
1773244217.639093,0.085534,0.070710,0.428662,-0.340982,-0.024942,0.028343,-0.939311
1773244217.672449,0.085534,0.070710,0.428662,-0.340982,-0.024942,0.028343,-0.939311
1773244217.706692,0.102640,0.085348,0.457808,-0.693031,-0.028848,0.050646,-0.718548
1773244217.739341,0.102640,0.085348,0.457808,-0.693031,-0.028848,0.050646,-0.718548
1773244217.772543,0.110076,0.094988,0.471191,-0.816769,-0.025411,0.059499,-0.573325
1773244217.806423,0.116775,0.104086,0.481391,-0.877493,-0.023252,0.063676,-0.474774
1773244217.839082,0.124111,0.115062,0.492608,-0.936856,-0.018342,0.068496,-0.342450
1773244217.872484,0.130782,0.125634,0.500947,-0.971131,-0.012799,0.071961,-0.227072
1773244217.907297,0.145379,0.150464,0.517017,-0.995446,-0.003533,0.075789,-0.057710
1773244217.939152,0.145379,0.150464,0.517017,-0.995446,-0.003533,0.075789,-0.057710
1773244217.977498,0.152369,0.164242,0.523883,-0.987867,-0.009070,0.074146,-0.136156
1773244218.007988,0.163729,0.187495,0.531914,-0.956920,-0.017139,0.070907,-0.281039
1773244218.039148,0.163729,0.187495,0.531914,-0.956920,-0.017139,0.070907,-0.281039
1773244218.074536,0.163729,0.187495,0.531914,-0.956920,-0.017139,0.070907,-0.281039
1773244218.106585,0.180571,0.223856,0.539236,-0.870439,-0.029344,0.062813,-0.487369
1773244218.139691,0.191370,0.252317,0.539566,-0.919865,-0.034380,0.061204,-0.385903
1773244218.172519,0.191370,0.252317,0.539566,-0.919865,-0.034380,0.061204,-0.385903
1773244218.206992,0.200213,0.282745,0.538979,-0.656859,-0.082939,0.020689,-0.749153
1773244218.240010,0.202450,0.298008,0.536526,-0.823525,-0.086399,0.027030,-0.560011
1773244218.272472,0.202450,0.298008,0.536526,-0.823525,-0.086399,0.027030,-0.560011
1773244218.308130,0.202291,0.310713,0.532015,-0.858164,-0.096748,0.022303,-0.503683
1773244218.339157,0.201263,0.320488,0.524849,-0.920829,-0.098201,0.022899,-0.376705
1773244218.372457,0.198425,0.328446,0.517748,-0.963485,-0.094038,0.024989,-0.249457
1773244218.407613,0.187368,0.342906,0.502576,-0.996313,-0.080043,0.028623,-0.011548
1773244218.439550,0.187368,0.342906,0.502576,-0.996313,-0.080043,0.028623,-0.011548
1773244218.472458,0.180697,0.350624,0.495205,-0.993319,-0.073381,0.029397,0.084073
1773244218.507814,0.168760,0.364735,0.483252,-0.975811,-0.073867,0.023950,0.204359
1773244218.539164,0.168760,0.364735,0.483252,-0.975811,-0.073867,0.023950,0.204359
1773244218.572503,0.164842,0.371225,0.480666,-0.972192,-0.075208,0.022419,0.220643
1773244218.607111,0.157566,0.380306,0.476351,-0.968231,-0.079879,0.018977,0.236195
1773244218.639114,0.152987,0.388678,0.476853,-0.974702,-0.086799,0.016109,0.205334
1773244218.672427,0.149472,0.400437,0.478927,-0.986241,-0.095943,0.013258,0.133968
1773244218.707830,0.143540,0.409141,0.480869,-0.993311,-0.106563,0.009388,0.043457
1773244218.739205,0.143540,0.409141,0.480869,-0.993311,-0.106563,0.009388,0.043457
1773244218.781939,0.143540,0.409141,0.480869,-0.993311,-0.106563,0.009388,0.043457
1773244218.807219,0.126188,0.423141,0.481460,-0.990014,-0.110937,0.011171,-0.086255
1773244218.840086,0.120389,0.424728,0.477017,-0.993782,-0.105957,0.013796,-0.031292
1773244218.873546,0.112965,0.430638,0.472719,-0.992966,-0.096869,0.017504,0.065797
1773244218.907423,0.106350,0.436949,0.468033,-0.983133,-0.087126,0.020800,0.159454
1773244218.941442,0.100354,0.440877,0.461109,-0.966272,-0.072879,0.026366,0.245586
1773244218.972525,0.100354,0.440877,0.461109,-0.966272,-0.072879,0.026366,0.245586
1773244219.006491,0.094158,0.446577,0.446145,-0.965289,-0.049031,0.041255,0.253201
1773244219.039213,0.090900,0.451051,0.438232,-0.991404,-0.050941,0.046263,0.111277
1773244219.072429,0.089215,0.454456,0.434850,-0.996364,-0.054170,0.046662,0.046331
1773244219.107696,0.083747,0.461549,0.424229,-0.994560,-0.065859,0.044023,-0.067644
1773244219.140175,0.077632,0.468683,0.416773,-0.996602,-0.066168,0.044007,-0.021680
1773244219.174312,0.077632,0.468683,0.416773,-0.996602,-0.066168,0.044007,-0.021680
1773244219.206664,0.068285,0.481870,0.402524,-0.970034,-0.063739,0.039704,0.231075
1773244219.238958,0.064155,0.489471,0.395453,-0.949360,-0.066790,0.035590,0.304938
1773244219.273856,0.061633,0.496524,0.389623,-0.939945,-0.073406,0.031148,0.331879
1773244219.308813,0.060300,0.503380,0.386743,-0.945540,-0.078058,0.029430,0.314634
1773244219.342872,0.060300,0.503380,0.386743,-0.945540,-0.078058,0.029430,0.314634
1773244219.377598,0.059327,0.509888,0.383367,-0.954860,-0.083211,0.027977,0.283788
1773244219.407546,0.057591,0.516193,0.382403,-0.964965,-0.091065,0.025478,0.244747
1773244219.439397,0.056118,0.521387,0.382044,-0.970365,-0.095841,0.023988,0.220524
1773244219.472481,0.054649,0.525275,0.381385,-0.970799,-0.097816,0.023152,0.217819
1773244219.507138,0.053748,0.532283,0.381016,-0.967905,-0.097438,0.022845,0.230528
1773244219.539043,0.054413,0.535938,0.380768,-0.972839,-0.096107,0.023956,0.209223
1773244219.572521,0.055895,0.538500,0.381448,-0.979252,-0.096414,0.024545,0.176542
1773244219.608212,0.055895,0.538500,0.381448,-0.979252,-0.096414,0.024545,0.176542
1773244219.639171,0.056852,0.540981,0.381189,-0.987038,-0.096642,0.025600,0.125546
1773244219.672448,0.057460,0.544984,0.377503,-0.994694,-0.094120,0.028577,0.030147
1773244219.707389,0.057460,0.544984,0.377503,-0.994694,-0.094120,0.028577,0.030147
1773244219.739213,0.057622,0.546937,0.375070,-0.995244,-0.091712,0.029996,0.013329
1773244219.772362,0.059947,0.549687,0.373628,-0.995204,-0.093162,0.029710,0.002756
1773244219.806632,0.061143,0.551095,0.373803,-0.994768,-0.096713,0.027868,0.017484
1773244219.839437,0.062557,0.552099,0.374810,-0.994370,-0.099465,0.026446,0.025203
1773244219.872151,0.064970,0.552178,0.376629,-0.994024,-0.101311,0.025379,0.031754
1773244219.906273,0.066342,0.551343,0.380263,-0.994440,-0.101074,0.025657,0.014683
1773244219.940213,0.067537,0.551095,0.382739,-0.994604,-0.099656,0.026188,0.012037
1773244219.972679,0.068570,0.549213,0.388133,-0.994834,-0.097498,0.026887,0.008776
1773244220.007165,0.068834,0.548077,0.393098,-0.995018,-0.095529,0.027437,0.007724
1773244220.045655,0.068834,0.548077,0.393098,-0.995018,-0.095529,0.027437,0.007724
1773244220.072851,0.069830,0.545957,0.403795,-0.994198,-0.089491,0.028634,0.052370
1773244220.106553,0.069701,0.543770,0.410305,-0.992156,-0.085118,0.029636,0.086617
1773244220.139117,0.069701,0.543770,0.410305,-0.992156,-0.085118,0.029636,0.086617
1773244220.172393,0.069355,0.537105,0.423327,-0.989102,-0.077516,0.032237,0.120955
1773244220.206736,0.070342,0.533457,0.431292,-0.988402,-0.074837,0.033342,0.127864
1773244220.239159,0.070342,0.533457,0.431292,-0.988402,-0.074837,0.033342,0.127864
1773244220.272169,0.069577,0.526851,0.445698,-0.988914,-0.074022,0.033770,0.124217
1773244220.306866,0.069343,0.522507,0.453845,-0.989486,-0.075633,0.032953,0.118793
1773244220.339060,0.069343,0.522507,0.453845,-0.989486,-0.075633,0.032953,0.118793
1773244220.372271,0.068385,0.513858,0.466828,-0.990477,-0.077461,0.031875,0.109262
1773244220.406309,0.067526,0.508102,0.473967,-0.992474,-0.079657,0.031083,0.087661
1773244220.439208,0.067526,0.508102,0.473967,-0.992474,-0.079657,0.031083,0.087661
1773244220.472383,0.066706,0.501955,0.480783,-0.995198,-0.083906,0.029759,0.040672
1773244220.506994,0.064352,0.488792,0.492692,-0.995990,-0.084172,0.030274,-0.001654
1773244220.539171,0.064352,0.488792,0.492692,-0.995990,-0.084172,0.030274,-0.001654
1773244220.572434,0.061990,0.479487,0.498712,-0.996236,-0.080405,0.032220,0.003182
1773244220.607200,0.058487,0.461176,0.508086,-0.995660,-0.065770,0.039309,0.052817
1773244220.639489,0.056708,0.452701,0.511550,-0.993110,-0.058404,0.042370,0.092335
1773244220.672883,0.055247,0.442314,0.516045,-0.985525,-0.048071,0.046135,0.155892
1773244220.708323,0.054263,0.431237,0.520741,-0.969857,-0.037928,0.048749,0.235717
1773244220.739579,0.053671,0.421784,0.525627,-0.952107,-0.029948,0.050290,0.300111
1773244220.772556,0.052801,0.409928,0.530552,-0.919311,-0.019896,0.051225,0.389677
1773244220.806713,0.051395,0.397709,0.535426,-0.891602,-0.012879,0.051498,0.449698
1773244220.839145,0.050674,0.388155,0.539279,-0.860741,-0.005200,0.051992,0.506354
1773244220.872227,0.050420,0.375469,0.543292,-0.790072,0.005304,0.049867,0.610960
1773244220.906894,0.049843,0.362467,0.546386,-0.705876,0.013073,0.045371,0.706760
1773244220.939990,0.049082,0.351711,0.548779,-0.668862,0.015965,0.043239,0.741956
1773244220.972225,0.049003,0.339217,0.549182,-0.633216,0.020199,0.042155,0.772562
1773244221.007732,0.049508,0.331448,0.546633,-0.593260,0.024577,0.040851,0.803598
1773244221.040626,0.050441,0.317295,0.544561,-0.603622,0.024776,0.042003,0.795778
1773244221.072279,0.051441,0.305620,0.541016,-0.666667,0.018892,0.044772,0.743770
1773244221.109191,0.052319,0.298101,0.538747,-0.705914,0.015026,0.046468,0.706612
1773244221.139460,0.054049,0.284245,0.534168,-0.776883,0.004963,0.047941,0.627797
1773244221.172524,0.055163,0.272354,0.529874,-0.809441,-0.001983,0.047288,0.585291
1773244221.212934,0.056032,0.260231,0.522730,-0.822065,-0.003279,0.047799,0.567375
1773244221.239601,0.057894,0.249406,0.515633,-0.831328,-0.003949,0.048388,0.553658
1773244221.272784,0.057894,0.249406,0.515633,-0.831328,-0.003949,0.048388,0.553658
1773244221.306984,0.059004,0.236510,0.505626,-0.850476,-0.006001,0.049407,0.523654
1773244221.338945,0.064098,0.214083,0.486715,-0.880150,-0.011893,0.049723,0.471935
1773244221.373144,0.067247,0.203156,0.475492,-0.904252,-0.014331,0.051552,0.423633
1773244221.406496,0.070041,0.194208,0.465598,-0.933853,-0.018969,0.053032,0.353196
1773244221.438912,0.070041,0.194208,0.465598,-0.933853,-0.018969,0.053032,0.353196
1773244221.473001,0.075186,0.175847,0.440946,-0.991441,-0.039755,0.051644,0.113124
1773244221.506856,0.076127,0.169673,0.429875,-0.992730,-0.045752,0.048809,0.100056
1773244221.539374,0.076127,0.169673,0.429875,-0.992730,-0.045752,0.048809,0.100056
1773244221.572483,0.076742,0.161080,0.416920,-0.993294,-0.050551,0.046471,0.093012
1773244221.606787,0.078557,0.147254,0.390293,-0.974078,-0.047066,0.044386,0.216765
1773244221.638922,0.079581,0.141130,0.378139,-0.962491,-0.044851,0.043803,0.263970
1773244221.672490,0.079581,0.141130,0.378139,-0.962491,-0.044851,0.043803,0.263970
1773244221.706425,0.081956,0.128808,0.352766,-0.975161,-0.050576,0.043234,0.211269
1773244221.739584,0.082352,0.122197,0.340168,-0.990389,-0.056547,0.043418,0.118522
1773244221.772785,0.082450,0.116859,0.328858,-0.996334,-0.062571,0.042521,0.039945
1773244221.806674,0.078527,0.111424,0.315414,-0.996677,-0.067799,0.041304,-0.018246
1773244221.839914,0.075948,0.106334,0.302093,-0.996689,-0.070970,0.039605,0.002191
1773244221.873715,0.072314,0.102386,0.288344,-0.995841,-0.071515,0.038851,0.040952
1773244221.907118,0.069052,0.098885,0.276111,-0.992116,-0.069217,0.038937,0.096945
1773244221.939607,0.067381,0.094304,0.261400,-0.982826,-0.063749,0.039918,0.168510
1773244221.972527,0.065091,0.090756,0.249501,-0.970545,-0.058330,0.040695,0.230181
1773244222.006322,0.060536,0.086547,0.232467,-0.932072,-0.050101,0.039622,0.356599
1773244222.040277,0.057093,0.084120,0.219494,-0.895337,-0.048497,0.036038,0.441272
1773244222.072484,0.057093,0.084120,0.219494,-0.895337,-0.048497,0.036038,0.441272
1773244222.107245,0.053613,0.082512,0.207969,-0.869486,-0.047704,0.033521,0.490505
1773244222.139921,0.048649,0.079699,0.187129,-0.845558,-0.044244,0.032657,0.531044
1773244222.172454,0.048649,0.079699,0.187129,-0.845558,-0.044244,0.032657,0.531044
1773244222.206411,0.044025,0.077187,0.168986,-0.824345,-0.039837,0.033151,0.563710
1773244222.239058,0.041993,0.076394,0.160896,-0.802588,-0.037946,0.032488,0.594439
1773244222.272182,0.040796,0.075789,0.155387,-0.793592,-0.039177,0.031660,0.606362
1773244222.307043,0.039298,0.074431,0.151323,-0.646913,-0.023428,0.025648,0.761772
1773244222.340206,0.036873,0.070814,0.143181,-0.545863,-0.018308,0.019109,0.837456
1773244222.373351,0.036040,0.069901,0.142312,-0.436308,-0.013444,0.012028,0.899617
1773244222.406845,0.036151,0.068335,0.136981,-0.344211,-0.012044,0.005129,0.938801
1773244222.439669,0.036776,0.067855,0.139798,-0.278472,-0.002828,0.004072,0.960432
1773244222.472189,0.037133,0.066115,0.134961,-0.137286,0.006556,-0.002695,0.990506
1773244222.507423,0.038060,0.064614,0.136847,-0.104034,0.008317,-0.004360,0.994529
1773244222.539785,0.037742,0.064473,0.136159,-0.098109,0.008839,-0.004530,0.995126
1773244222.572516,0.037742,0.064473,0.136159,-0.098109,0.008839,-0.004530,0.995126
1773244222.607776,0.038315,0.062544,0.135972,-0.091153,0.008993,-0.004921,0.995784
1773244222.639873,0.038315,0.062544,0.135972,-0.091153,0.008993,-0.004921,0.995784
1773244222.672428,0.038428,0.061083,0.136348,-0.088423,0.009142,-0.005047,0.996028
1773244222.711463,0.038698,0.060955,0.135469,-0.087247,0.009204,-0.005106,0.996131
1773244222.739139,0.038698,0.060955,0.135469,-0.087247,0.009204,-0.005106,0.996131
1773244222.772195,0.038608,0.061708,0.135477,-0.086076,0.009155,-0.005222,0.996233
1773244222.806507,0.038543,0.061670,0.135713,-0.085867,0.009136,-0.005252,0.996251
1773244222.838933,0.038441,0.061647,0.135465,-0.087128,0.009037,-0.005198,0.996143
1773244222.872794,0.038797,0.061472,0.135270,-0.085566,0.009019,-0.005327,0.996277
1773244222.906362,0.038749,0.061604,0.135419,-0.085223,0.008973,-0.005376,0.996307
1773244222.939077,0.038624,0.061536,0.135100,-0.083660,0.008938,-0.005509,0.996439
1773244222.972575,0.038653,0.061667,0.135241,-0.083700,0.008897,-0.005529,0.996436
1773244223.006939,0.038622,0.061484,0.135411,-0.081840,0.008865,-0.005684,0.996590
1773244223.039026,0.038716,0.061582,0.135166,-0.081852,0.008713,-0.005753,0.996590
1773244223.072963,0.038697,0.061638,0.135267,-0.081232,0.008617,-0.005843,0.996641
1773244223.106605,0.038786,0.061471,0.135101,-0.079726,0.008562,-0.005983,0.996762
1773244223.139155,0.038832,0.061623,0.135045,-0.079088,0.008446,-0.006085,0.996813
1773244223.172535,0.038832,0.061623,0.135045,-0.079088,0.008446,-0.006085,0.996813
1773244223.207375,0.038839,0.061439,0.135018,-0.077885,0.008197,-0.006296,0.996909
1773244223.239117,0.038965,0.061608,0.135020,-0.076688,0.008161,-0.006402,0.997001
1773244223.275724,0.038965,0.061608,0.135020,-0.076688,0.008161,-0.006402,0.997001
1773244223.307195,0.038747,0.061565,0.135095,-0.075939,0.008058,-0.006506,0.997059
1773244223.339351,0.038810,0.061512,0.134953,-0.075140,0.007992,-0.006594,0.997119
1773244223.372620,0.039071,0.061513,0.135035,-0.073963,0.007918,-0.006718,0.997207
1773244223.407105,0.039101,0.061385,0.135040,-0.073520,0.007785,-0.006809,0.997240
1773244223.439097,0.038984,0.061510,0.134849,-0.072187,0.007721,-0.006942,0.997337
1773244223.472539,0.038972,0.061530,0.134858,-0.071069,0.007619,-0.007076,0.997417
1773244223.507618,0.039077,0.061376,0.134870,-0.070150,0.007491,-0.007202,0.997482
1773244223.539323,0.039204,0.061540,0.134804,-0.069662,0.007438,-0.007269,0.997516
1773244223.572572,0.039386,0.061424,0.134837,-0.068043,0.007354,-0.007424,0.997628
1773244223.608464,0.039213,0.061494,0.135002,-0.066927,0.007361,-0.007506,0.997702
1773244223.639197,0.039136,0.061388,0.134713,-0.065242,0.007358,-0.007633,0.997813
1773244223.672355,0.039145,0.061453,0.134891,-0.063389,0.007317,-0.007795,0.997932
1773244223.708163,0.039238,0.061546,0.134874,-0.062205,0.007235,-0.007921,0.998006
1773244223.739486,0.039188,0.061420,0.134880,-0.061984,0.007193,-0.007956,0.998020
1773244223.772387,0.039180,0.061644,0.134729,-0.060727,0.007137,-0.008079,0.998096
